INSERT INTO CUSTOMER (CUSTOMER_KEY, CUSTOMER_NAME, FIRST_NAME, LAST_NAME, EMAIL, BIRTHDATE, ENABLED, PASSWORD) VALUES (1, 'admin', 'Maksim', 'Drahun', 'admin@carmanage.net', '1991-02-04', true, 'fcc67c9419ac441040f62374dfb1d4ca455c9b4cd0a1f180efb48b4dd607f44019ab34a51c38af1e');
INSERT INTO CUSTOMER (CUSTOMER_KEY, CUSTOMER_NAME, FIRST_NAME, LAST_NAME, EMAIL, BIRTHDATE, ENABLED, PASSWORD) VALUES (2, 'guest', 'guest', '', 'guest@carmanage.net', null, true, 'fcc67c9419ac441040f62374dfb1d4ca455c9b4cd0a1f180efb48b4dd607f44019ab34a51c38af1e');
INSERT INTO CUSTOMER (CUSTOMER_KEY, CUSTOMER_NAME, FIRST_NAME, LAST_NAME, EMAIL, BIRTHDATE, ENABLED, PASSWORD) VALUES (3, 'makseemka', 'Maksim', 'Drahun', 'max@carmanage.net', '1991-02-04', true, 'fcc67c9419ac441040f62374dfb1d4ca455c9b4cd0a1f180efb48b4dd607f44019ab34a51c38af1e');
INSERT INTO CUSTOMER (CUSTOMER_KEY, CUSTOMER_NAME, FIRST_NAME, LAST_NAME, EMAIL, BIRTHDATE, ENABLED, PASSWORD) VALUES (4, 'drahunl', 'Leonid', 'Drahun', 'max@carmanage.net', '1964-11-11', true, 'fcc67c9419ac441040f62374dfb1d4ca455c9b4cd0a1f180efb48b4dd607f44019ab34a51c38af1e');
INSERT INTO CUSTOMER (CUSTOMER_KEY, CUSTOMER_NAME, FIRST_NAME, LAST_NAME, EMAIL, BIRTHDATE, ENABLED, PASSWORD) VALUES (5, 'dodzv', 'Vitaly', 'Dodz', 'max@carmanage.net', '1991-02-04', true, 'fcc67c9419ac441040f62374dfb1d4ca455c9b4cd0a1f180efb48b4dd607f44019ab34a51c38af1e');

INSERT INTO ROLE (ROLE_KEY, ROLE_NAME) VALUES (1, 'ADMIN');
INSERT INTO ROLE (ROLE_KEY, ROLE_NAME) VALUES (2, 'CUSTOMER');
INSERT INTO ROLE (ROLE_KEY, ROLE_NAME) VALUES (3, 'ANONYMOUS');

INSERT INTO CUSTOMER_ROLE (CUSTOMER_KEY, ROLE_KEY) VALUES (1, 1);
INSERT INTO CUSTOMER_ROLE (CUSTOMER_KEY, ROLE_KEY) VALUES (1, 2);
INSERT INTO CUSTOMER_ROLE (CUSTOMER_KEY, ROLE_KEY) VALUES (3, 2);
INSERT INTO CUSTOMER_ROLE (CUSTOMER_KEY, ROLE_KEY) VALUES (2, 3);
INSERT INTO CUSTOMER_ROLE (CUSTOMER_KEY, ROLE_KEY) VALUES (3, 1);
INSERT INTO CUSTOMER_ROLE (CUSTOMER_KEY, ROLE_KEY) VALUES (4, 2);
INSERT INTO CUSTOMER_ROLE (CUSTOMER_KEY, ROLE_KEY) VALUES (5, 2);

INSERT INTO CUSTOMER_PAYER (CUSTOMER_KEY, PAYER_KEY) VALUES (3, 4);
INSERT INTO CUSTOMER_PAYER (CUSTOMER_KEY, PAYER_KEY) VALUES (3, 5);

INSERT INTO TRANSACTION_TYPE (TRANSACTION_TYPE_KEY, NAME) VALUES (1, 'Fuel');
INSERT INTO TRANSACTION_TYPE (TRANSACTION_TYPE_KEY, NAME) VALUES (2, 'LoanPayment');

INSERT INTO CAR (CAR_KEY, BRAND, MODEL, PURCHASE_DATE, CUSTOMER_KEY) VALUES (1, 'Mersedes-Benz', 'C180', '2014-11-07', 3);

INSERT INTO CUSTOMER_SETTING (CUSTOMER_KEY, NAME, VALUE) VALUES (3, 'PREFERRED_PAYMENT_CURRENCY', 'BYN');
INSERT INTO CUSTOMER_SETTING (CUSTOMER_KEY, NAME, VALUE) VALUES (3, 'PREFERRED_PAYMENT_TYPE', 'Fuel');
INSERT INTO CUSTOMER_SETTING (CUSTOMER_KEY, NAME, VALUE) VALUES (3, 'PREFERRED_FUEL_QUANTITY', '30');
INSERT INTO CUSTOMER_SETTING (CUSTOMER_KEY, NAME, VALUE) VALUES (3, 'PREFERRED_FUEL_TYPE', 'АИ92');
INSERT INTO CUSTOMER_SETTING (CUSTOMER_KEY, NAME, VALUE) VALUES (3, 'LAST_FUEL_COST', '1.11');
